DSU_Type,Graph_Size,Graph_Avg_Degree,Avg_Time_ms,Avg_Memory_Accesses
TARJAN,100,5,0.26270,2694
TARJAN,500,5,0.67680,17693
TARJAN,1000,5,1.15183,34211
TARJAN,5000,5,6.61290,172121
TARJAN,100000,5,106.67767,3641596
NAIVE,100,5,4.19987,5061
NAIVE,500,5,2.11470,109771
NAIVE,1000,5,2.45860,389021
NAIVE,5000,5,32.09363,14365737
NAIVE,100000,5,22652.50513,5812706429
RANK,100,5,0.20590,1957
RANK,500,5,0.69950,11297
RANK,1000,5,0.83283,19183
RANK,5000,5,6.64290,120653
RANK,100000,5,114.15880,2524053
